<?xml version="1.0" encoding="UTF-8"?>
<project-private xmlns="http://www.netbeans.org/ns/project-private/1">
    <editor-bookmarks xmlns="http://www.netbeans.org/ns/editor-bookmarks/2" lastBookmarkId="0"/>
    <open-files xmlns="http://www.netbeans.org/ns/projectui-open-files/2">
        <group>
            <file>file:/C:/Users/Tamim/Desktop/Uber/src/uber/Ride.java</file>
            <file>file:/C:/Users/Tamim/Desktop/Uber/src/uber/TakeaRide.fxml</file>
            <file>file:/C:/Users/Tamim/Desktop/Uber/src/uber/PushnotificationController.java</file>
            <file>file:/C:/Users/Tamim/Desktop/Uber/src/uber/promocode.fxml</file>
            <file>file:/C:/Users/Tamim/Desktop/Uber/src/uber/add%20admiin.fxml</file>
            <file>file:/C:/Users/Tamim/Desktop/Uber/src/uber/TakeaRideController.java</file>
            <file>file:/C:/Users/Tamim/Desktop/Uber/src/Information/offer.java</file>
            <file>file:/C:/Users/Tamim/Desktop/Uber/src/Information/user.java</file>
            <file>file:/C:/Users/Tamim/Desktop/Uber/src/uber/add%20driver.fxml</file>
            <file>file:/C:/Users/Tamim/Desktop/Uber/src/uber/cancelride.fxml</file>
            <file>file:/C:/Users/Tamim/Desktop/Uber/src/uber/AcceptandcancelController.java</file>
            <file>file:/C:/Users/Tamim/Desktop/Uber/src/uber/CancelrideController.java</file>
            <file>file:/C:/Users/Tamim/Desktop/Uber/src/uber/Acceptandcancel.fxml</file>
            <file>file:/C:/Users/Tamim/Desktop/Uber/src/Information/ride.java</file>
            <file>file:/C:/Users/Tamim/Desktop/Uber/src/uber/sign%20up.fxml</file>
            <file>file:/C:/Users/Tamim/Desktop/Uber/src/uber/pass%20feedback.fxml</file>
            <file>file:/C:/Users/Tamim/Desktop/Uber/src/uber/PromocodeController.java</file>
            <file>file:/C:/Users/Tamim/Desktop/Uber/src/uber/login.fxml</file>
            <file>file:/C:/Users/Tamim/Desktop/Uber/src/uber/PassengerController.java</file>
            <file>file:/C:/Users/Tamim/Desktop/Uber/src/uber/AppendableObjectOutputStream.java</file>
            <file>file:/C:/Users/Tamim/Desktop/Uber/src/uber/DriverController.java</file>
            <file>file:/C:/Users/Tamim/Desktop/Uber/src/uber/PassengerlocationController.java</file>
            <file>file:/C:/Users/Tamim/Desktop/Uber/src/uber/SeeFeedbackController.java</file>
            <file>file:/C:/Users/Tamim/Desktop/Uber/src/uber/Uber_main.java</file>
            <file>file:/C:/Users/Tamim/Desktop/Uber/src/uber/AddDriverController.java</file>
            <file>file:/C:/Users/Tamim/Desktop/Uber/src/uber/Pushnotification.fxml</file>
            <file>file:/C:/Users/Tamim/Desktop/Uber/src/uber/DriFeedbackController.java</file>
            <file>file:/C:/Users/Tamim/Desktop/Uber/src/uber/dri%20feedback.fxml</file>
            <file>file:/C:/Users/Tamim/Desktop/Uber/src/uber/AdminController.java</file>
            <file>file:/C:/Users/Tamim/Desktop/Uber/src/uber/LoginController.java</file>
            <file>file:/C:/Users/Tamim/Desktop/Uber/src/uber/PassFeedbackController.java</file>
            <file>file:/C:/Users/Tamim/Desktop/Uber/src/uber/HRController.java</file>
            <file>file:/C:/Users/Tamim/Desktop/Uber/src/uber/passengerlocation.fxml</file>
            <file>file:/C:/Users/Tamim/Desktop/Uber/src/uber/see%20feedback.fxml</file>
            <file>file:/C:/Users/Tamim/Desktop/Uber/src/uber/SignUpController.java</file>
            <file>file:/C:/Users/Tamim/Desktop/Uber/src/uber/AddAdmiinController.java</file>
        </group>
    </open-files>
</project-private>
